Parameters,Temporal_Block,Treatment,Time_to_1st_probe_from_start_of_EPG,Number_of_probes_to_the_1st_E1,Number_of_F_,Duration_of_1st_probe,Duration_of_2nd_probe,Duration_of_the_shortest_C_wave_before_E1,Duration_of_the_second_nonprobe_period,Total_duration_of_F_,Duration_of_nonprobe_period_before_the_1st_E,Mean_duration_of_pd,Mean_duration_of_pd-L,Mean_duration_of_pd-S,Average_number_of_pd_per_probe,Mean_duration_of_F,Time_from_start_of_EPG_to_1st_Ey,Time_from_1st_probe_to_1st_Ey,Time_from_the_beginning_of_that_probe_to_1st_Ey_,Number_of_G,Duration_of_G,Mean_duration_of_G,Number_of_probes_after_1st_E,Number_of_probes_(shorter_than_3_minutes)_after_1st_E,Number_of_E1,Number_of_E1_(longer_than_10_minutes)_followed_by_E2,Number_of_single_E1,Number_of_E2,Number_of_sustained_E2_(longer_than_10_minutes),Duration_of_1st_E,Contribution_of_E1_to_phloem_phase_(%),Duration_the_E1_followed_by_first_sustained_E2_(>10_min),Duration_the_E1_followed_by_the_first__E2,Potential_E2_index,Total_duration_of_E,Total_duration_of_E1,Total_duration_of_E1_followed_by_sustained_E2_(>10_min),Total_duration_of_E1_followed_by_E2,Total_duration_of_single_E1,Total_duration_of_E1_followed_by_E2_and_E2,Total_duration_of_E2,Mean_duration_of_E1,Mean_duration_of_E2,Number_of_probes,Number_of_C,Number_of_short_probes_(C<3_minutes),Number_of_np,Number_of_pd,Number_of_pd-L,Number_of_pd-S,Number_of_E1e,Total_duration_of_C,Total_duration_of_E1e,Total_duration_of_no_phloematic_phase,Total_duration_of_np,Total_duration_of_pd,Total_duration_of_pd-L,Total_duration_of_pd-S,Total_probing_time,Mean_duration_of_np,Mean_duration_of_C,Time_to_from_start_of_EPG_1st_sustained_E2_(10_minutes)y,Time_from_1st_probe_to_1st_sustained_E2_(10_minutes)y,Time_from_the_beginning_of_that_probe_to_1st_sustained_E2_(10_minutes)y_,Time_from_start_of_EPG_to_1st_E2y,Time_from_1st_probe_to_1st_E2y,Time_from_the_beginning_of_that_probe_to_1st_E2y,Total_duration_of_np_during_the_1st_hour,Total_duration_of_np_during_the_2nd_hour,Total_duration_of_np_during_the_3rd_hour,Total_duration_of_np_during_the_4th_hour,Total_duration_of_np_during_the_5th_hour,Total_duration_of_np_during_the_6th_hour,Number_of_pd-S_during_the_1st_hour,Number_of_pd-S_during_the_2nd_hour,Number_of_pd-S_during_the_3rd_hour,Number_of_pd-S_during_the_4th_hour,Number_of_pd-S_during_the_5th_hour,Number_of_pd-S_during_the_6th_hour,Average_duration_of_pd-S_during_the_1st_hour,Average_duration_of_pd-S_during_the_2nd_hour,Average_duration_of_pd-S_during_the_3rd_hour,Average_duration_of_pd-S_during_the_4th_hour,Average_duration_of_pd-S_during_the_5th_hour,Average_duration_of_pd-S_during_the_6th_hour,Number_of_F_during_the_1st_hour,Number_of_F_during_the_2nd_hour,Number_of_F_during_the_3rd_hour,Number_of_F_during_the_4th_hour,Number_of_F_during_the_5th_hour,Number_of_F_during_the_6th_hour,Total_duration_of_F_during_the_1st_hour,Total_duration_of_F_during_the_2nd_hour,Total_duration_of_F_during_the_3rd_hour,Total_duration_of_F_during_the_4th_hour,Total_duration_of_F_during_the_5th_hour,Total_duration_of_F_during_the_6th_hour,Number_of_probes_during_the_1st_hour,Number_of_probes_during_the_2nd_hour,Number_of_probes_during_the_3rd_hour,Number_of_probes_during_the_4th_hour,Number_of_probes_during_the_5th_hour,Number_of_probes_during_the_6th_hour,Time_from_the_beginning_of_the_1st_probe_to_first_pd_,Time_from_the_end_of_the_last_pd_to_the_end_of_the_probe,Total_duration_of_subphase_II1_fo_the_pd,Total_duration_of_subphase_II2_fo_the_pd,Total_duration_of_subphase_II3_fo_the_pd,Time_from_the_end_of_the_last_pde_to_the_end_of_the_EPG_record_(Z),Time_from_the_beginning_of_E1_to_the_end_of_the_EPG_record_(Z),Duration_of_the_longest_E2,Duration_of_np_just_after_the_probe_of_the_first_sustained_E2,Duration_of_np_just_after_the_probe_of_the_first_sustained_E2_if_it_lasts_untill_the_end_of_the_recording,%_of_probing_spent_in_C,%_of_probing_spent_in_E1,%_of_probing_spent_in_E2,%_of_probing_spent_in_F,%_of_probing_spent_in_G,%_E2_>10_min
Trial1_Ch3,Spring,Larvae,47.07,5,0,24.9,66.57,1472.62,58.18,0,366.75,4.803768116,.,4.803768116,17.25,.,2515.62,2468.55,1956.94,1,1052.79,1052.79,11,5,9,0,0,9,4,767.98,5.770766813,36.47,36.47,18.1129469,5045.43,291.16,130.72,291.16,0,5045.43,4754.27,32.35111111,528.2522222,16,25,9,16,276,0,276,0,13748.03,.,23754.57,8953.75,1325.84,.,1325.84,19846.25,559.609375,549.9212,2552.09,2505.02,1993.41,2552.09,2505.02,1993.41,366.75,926.9,2826.47,67.03,3469.26,1297.34,58,47,14,55,1,38,5.28862069,4.935531915,5.051428571,4.591636364,1.81,4.787631579,.,.,.,.,.,.,.,.,.,.,.,.,5,4,6,2,2,1,7.06,11.22,.,.,.,275.21,.,1150.68,144.43,.,69.27268376,1.467078163,23.95550797,0,5.304730113,44.44444444
Trial1_Ch8,Spring,Adult,62.53,1,0,6715.67,286.64,1534.03,242.16,0,62.53,4.587723577,.,4.587723577,19.42105263,.,6009.62,5947.09,5947.09,1,3568.71,3568.71,18,4,6,0,2,4,0,72.79,41.08083027,0,345.09,5.666720616,1616.35,664.01,0,468.17,195.84,1420.51,952.34,110.6683333,238.085,19,26,4,19,369,0,369,0,21504.11,.,27183.65,2110.83,1692.87,.,1692.87,26689.17,111.0963158,827.0811538,28800,28737.47,28800,11994.16,11931.63,1879.12,62.53,242.16,343.15,0,438.61,0,60,67,58,48,27,26,4.867,4.420597015,4.343793103,4.898333333,5.522592593,4.500769231,.,.,.,.,.,.,.,.,.,.,.,.,1,2,4,1,3,1,61.7,70.01,.,.,.,146.04,.,584.31,0,.,80.57241945,2.487937991,3.568263831,0,13.37137873,0
Trial2_Ch3,Spring,Larvae,0,2,0,3598.89,23293.31,12087.74,1025.89,0,1025.89,4.672857143,.,4.672857143,56,.,16712.52,16712.52,12087.74,2,2003.72,1001.86,2,1,3,0,1,2,0,122.48,24.00605789,0,52.13,9.297138983,891.4,213.99,0,91.51,122.48,768.92,677.41,71.33,338.705,4,9,1,3,224,0,224,0,24698.7,.,27907.5,1205.08,1046.72,.,1046.72,27593.82,401.6933333,2744.3,28798.9,28798.9,28800,21512.68,21512.68,16887.9,1.11,1024.78,0,0,0,0,17,1,8,5,60,39,5.075294118,4.49,4.46875,5.464,4.789,4.413076923,.,.,.,.,.,.,.,.,.,.,.,.,1,1,1,1,1,1,343.26,721.44,.,.,.,94.21,.,398.05,0,.,89.50808551,0.775499731,2.45493375,0,7.261481013,0
Trial3_Ch1,Spring,Control,73.54,4,0,124.28,92.44,782.97,76.59,0,260.79,4.405324074,.,4.405324074,8,.,1733.48,1659.94,921.72,0,0,.,23,8,6,0,0,6,2,78.68,5.587619794,33.38,41.88,16.27670156,4659.05,260.33,67.48,260.33,0,4659.05,4398.72,43.38833333,733.12,27,33,10,27,216,0,216,0,14278.58,.,24140.95,9862.37,951.55,.,951.55,18937.63,365.272963,432.6842424,4838.79,4765.25,1901.04,1775.36,1701.82,963.6,861.23,0,628.26,2178.7,898.37,1806.59,47,25,13,20,44,23,4.613829787,4.206,4.333076923,4.3655,4.208409091,4.563043478,.,.,.,.,.,.,.,.,.,.,.,.,7,1,4,3,4,5,11.12,82.48,.,.,.,66.52,.,2402.26,146.85,.,75.39792466,1.374670431,23.22740491,0,0,33.33333333
Trial3_Ch3,Spring,Larvae,5.33,8,0,2613.75,230,2573.31,36.45,0,2935.12,4.843257576,.,4.843257576,7.333333333,.,10757.34,10752.01,2573.31,0,0,.,10,3,2,0,0,2,2,3154.4,2.040684668,61.14,61.14,28.71136589,5270.29,107.55,107.55,107.55,0,5270.29,5162.74,53.775,2581.37,18,20,4,18,132,0,132,0,14486.14,.,23529.71,9043.57,639.31,.,639.31,19756.43,502.4205556,724.307,10818.48,10813.15,2634.45,10818.48,10813.15,2634.45,230.55,1720.54,984.03,0,1393.22,1937.03,22,6,39,2,4,19,5.181363636,5.765,5.104358974,4.64,5.26,4.383684211,.,.,.,.,.,.,.,.,.,.,.,.,4,4,1,1,2,4,27.94,234.42,.,.,.,385.29,.,3093.26,247.23,.,73.32367234,0.544379729,26.13194793,0,0,100
Trial4_Ch3,Spring,Larvae,442.23,1,0,2540.61,46.2,822.68,114.5,0,442.23,4.613198381,.,4.613198381,20.58333333,.,2240.59,1798.36,1798.36,0,0,.,11,2,12,0,0,12,5,82.19,2.358907807,17.12,43.73,45.62658774,12390.48,292.28,101.95,292.28,0,12390.48,12098.2,24.35666667,1008.183333,12,24,2,13,247,0,247,0,13155.09,.,16409.52,3254.43,1139.46,.,1139.46,25545.57,250.3407692,548.12875,6541.26,6099.03,2759.59,2284.32,1842.09,1842.09,666.02,102.2,137.52,0,0,0,55,45,48,30,13,0,4.672363636,4.632222222,4.597083333,4.425,4.522307692,.,.,.,.,.,.,.,.,.,.,.,.,.,3,2,2,1,1,1,31.48,29.82,.,.,.,1643.19,.,5156.11,137.52,.,51.49656085,1.144151413,47.35928774,0,0,41.66666667
Trial4_Ch8,Spring,Adult,5.38,2,0,2495.59,26035.65,2025.5,263.38,0,268.76,4.824814815,.,4.824814815,40.5,.,4789.85,4784.47,2025.5,0,0,.,0,0,2,0,0,2,2,1826.32,0.256266173,31.68,31.68,96.6779782,23241.46,59.56,59.56,59.56,0,23241.46,23181.9,29.78,11590.95,2,3,0,2,81,0,81,0,5289.78,.,5558.54,268.76,390.81,.,390.81,28531.24,134.38,1763.26,4821.53,4816.15,2057.18,4821.53,4816.15,2057.18,268.76,0,0,0,0,0,46,31,4,0,0,0,4.986304348,4.573548387,4.915,.,.,.,.,.,.,.,.,.,.,.,.,.,.,.,2,1,1,1,1,1,4.49,55.03,.,.,.,21440.05,.,21387.26,0,.,18.5403088,0.208753633,81.25093757,0,0,100
Trial5_Ch4,Spring,Larvae,13453.92,4,0,3931.75,390.52,1769.09,3504.78,0,17036.4,4.408588957,.,4.408588957,32.6,.,23188.2,9734.28,1769.09,0,0,.,1,0,4,0,2,2,0,106.56,79.11329294,0,99.84,2.470083237,651.85,515.7,0,233.01,282.69,369.16,136.15,128.925,68.075,5,9,1,5,163,0,163,0,11052.79,.,28148.15,17095.36,718.6,.,718.6,11704.64,3419.072,1228.087778,28800,15346.08,28800,23288.04,9834.12,1868.93,3600,3600,3600,2653.92,614.33,2968.15,0,0,0,8,23,0,.,.,.,4.465,4.791304348,.,.,.,.,.,.,.,.,.,.,.,.,.,0,0,0,1,1,3,14.28,36.34,.,.,.,3.96,.,129.43,0,.,94.4308411,4.405944993,1.163213905,0,0,0
Trial6_Ch4,Spring,Control,5796.74,3,0,2580.52,544.06,1264.61,178.23,0,6056.8,4.82486631,.,4.82486631,20.77777778,.,10627.3,4830.56,1445.92,0,0,.,6,0,10,0,4,6,4,94.03,7.885732394,49.18,48.1,55.71558578,7005.31,552.42,122.22,195.84,356.58,6648.73,6452.89,55.242,1075.481667,9,19,0,9,187,0,187,0,14788.96,.,21794.69,7005.73,902.25,.,902.25,21794.27,778.4144444,778.3663158,17890.24,12093.5,2974.96,17218.16,11421.42,2302.88,3600,2196.74,260.06,371.45,375.71,0,0,22,59,16,37,9,.,5.010454545,4.949655172,5.363125,4.686216216,5.054444444,.,.,.,.,.,.,.,.,.,.,.,.,0,1,3,4,2,1,49.21,82.78,.,.,.,14.72,.,2215.19,119.31,.,67.85710189,2.534702929,29.60819518,0,0,66.66666667
Trial7_Ch4,Spring,Larvae,4591.18,1,0,9537.68,357.13,120.41,305.68,0,4591.18,4.597083333,.,4.597083333,8.571428571,.,6298.78,1707.6,1707.6,1,4110.04,4110.04,13,4,7,0,5,2,1,143.6,36.32668608,39.12,39.12,5.537500817,1916.58,696.23,39.12,70.52,625.71,1290.87,1220.35,99.46142857,610.175,14,22,4,14,120,0,120,0,9460.75,.,26883.42,13312.63,551.65,.,551.65,15487.37,950.9021429,430.0340909,6762.08,2170.9,2170.9,6762.08,2170.9,2170.9,3600,991.18,0,271.14,3105.61,2327.37,0,15,27,5,9,11,.,4.362666667,4.908148148,4.828,4.911111111,4.547272727,.,.,.,.,.,.,.,.,.,.,.,.,0,1,1,1,2,4,38.76,65.52,.,.,.,15.42,.,905.72,305.68,.,61.08687272,4.495469534,7.879646447,0,26.5380113,50
Trial9_Ch2,Spring,Adult,17.66,1,0,25212.34,0,2658.43,,0,17.66,5.196901408,.,5.196901408,71,.,2676.09,2658.43,2658.43,0,0,.,0,0,7,0,0,7,5,7059.69,1.538822552,45.65,45.65,89.4803952,20455.25,314.77,256.72,314.77,0,20455.25,20140.48,44.96714286,2877.211429,1,7,0,1,71,0,71,0,4757.09,.,4774.75,17.66,368.98,.,368.98,25212.34,17.66,679.5842857,2721.74,2704.08,2704.08,2721.74,2704.08,2704.08,17.66,0,0,0,0,0,29,0,9,0,14,19,5.27,0,5.174444444,.,4.933571429,5.29,.,.,.,.,.,.,.,.,.,.,.,.,1,1,1,1,1,1,613.3,3645.85,.,.,.,3645.85,.,7014.04,0,.,18.86810189,1.248475945,79.88342217,0,0,71.42857143
Trial9_Ch7_,Spring,Larvae,40.72,6,0,22.23,1137.42,1974.02,45.99,0,15329.28,4.778947368,.,4.778947368,6.333333333,.,19284.71,19243.99,1974.02,0,0,.,0,0,1,0,0,1,1,9515.29,0.620790328,59.07,59.07,100,9515.29,59.07,59.07,59.07,0,9515.29,9456.22,59.07,9456.22,6,6,2,6,38,0,38,0,3955.43,.,19284.71,15329.28,181.6,.,181.6,13470.72,2554.88,659.2383333,19343.78,19303.06,2033.09,19343.78,19303.06,2033.09,1941.82,3600,3600,3600,2587.46,0,6,0,0,0,10,0,5.62,.,.,.,4.8,.,.,.,.,.,.,.,.,.,.,.,.,.,3,0,0,0,3,1,79.78,406.57,.,.,.,9543.09,.,9456.22,0,.,29.36316693,0.438506628,70.19832644,0,0,100
Trial10_Ch1,Spring,Control,205.02,2,0,224.04,21263.93,3373.36,4598.98,0,4804,5.517230769,.,5.517230769,9.285714286,.,8401.4,8196.38,3373.36,2,3870.33,1935.165,5,2,3,0,1,2,2,57.04,1.027134549,57.4,57.4,66.05267832,13452.96,138.18,81.14,81.14,57.04,13395.92,13314.78,46.06,6657.39,7,12,2,7,65,0,65,0,5389.39,.,15347.04,6087.32,358.62,.,358.62,22712.68,869.6171429,449.1158333,8642.18,8437.16,3614.14,8642.18,8437.16,3614.14,3375.96,1428.04,0,0,0,0,3,17,20,0,0,2,5.503333333,5.714117647,5.585,.,.,5.381818182,.,.,.,.,.,.,.,.,.,.,.,.,1,1,1,1,1,1,124.42,1.94,.,.,.,133.32,.,12245.78,113.12,.,23.72855163,0.60838263,58.62267245,0,17.0403933,100
Trial10_Ch7,Spring,Adult,25.85,1,0,4747.7,61.58,1892.41,206.01,0,25.85,4.69575,.,4.69575,4.8,.,1995.13,1969.28,1969.28,0,0,.,24,16,5,0,2,3,3,340.48,19.85930092,99.53,99.53,10.8421174,3530.94,701.22,307.57,307.57,393.65,3137.29,2829.72,140.244,943.24,25,30,16,26,120,0,120,0,9331.25,.,25269.06,15937.81,563.49,.,563.49,12862.19,612.9926923,311.0416667,2700.67,2674.82,2674.82,2700.67,2674.82,2674.82,25.85,771.5,130.04,846.87,3363.55,3600,33,26,34,22,5,0,4.862424242,4.772307692,4.639117647,4.485454545,4.508,.,.,.,.,.,.,.,.,.,.,.,.,.,1,12,4,11,1,0,22.62,136.22,.,.,.,14170.66,.,1471.95,206.01,.,72.5479098,5.451793202,22.00029699,0,0,100
Trial11_Ch3,Spring,Control,2204.74,18,0,43.49,70.34,3405.97,1491.21,0,10152.3,5.34673913,.,5.34673913,7.666666667,.,26488.13,24283.39,3405.97,0,0,.,0,0,1,0,0,1,1,2311.87,1.74187995,40.27,40.27,100,2311.87,40.27,40.27,40.27,0,2311.87,2271.6,40.27,2271.6,18,18,9,18,138,0,138,0,22053.67,.,26488.13,10152.3,737.85,.,737.85,18647.7,564.0166667,1225.203889,26528.4,24323.66,3446.24,26528.4,24323.66,3446.24,3556.51,604.43,3092.85,1477.9,826.21,500.14,1,24,4,14,26,23,9.58,4.930416667,5.9725,6.068571429,5.544230769,5.497826087,.,.,.,.,.,.,.,.,.,.,.,.,1,2,7,2,6,2,33.7,0.21,.,.,.,2348.04,.,2271.6,0,.,118.2648262,0.215951565,12.18166315,0,0,100
Trial11_Ch7,Spring,Adult,270.27,1,0,28529.73,0,6740.19,0,0,270.27,4.292,.,4.292,60,.,7010.46,6740.19,6740.19,1,575.71,575.71,0,0,1,0,0,1,1,21789.54,0.140296674,30.57,30.57,100,21789.54,30.57,30.57,30.57,0,21789.54,21758.97,30.57,21758.97,1,2,0,1,60,0,60,0,6164.48,.,7010.46,270.27,257.52,.,257.52,28529.73,270.27,3082.24,7041.03,6770.76,6770.76,7041.03,6770.76,6770.76,270.27,0,0,0,0,0,24,36,0,0,0,0,4.332916667,4.264722222,.,.,.,.,.,.,.,.,.,.,.,.,.,.,.,.,1,1,1,1,1,1,11.78,21826.34,.,.,.,21826.34,.,21758.97,,.,21.60721465,0.107151382,76.2677039,0,2.017930068,100
Trial12_Ch6,Spring,Larvae,787.67,1,0,978.58,4403.23,763.23,13.98,0,787.67,4.89495283,.,4.89495283,19.27272727,.,1550.9,763.23,763.23,1,1272.52,1272.52,10,2,7,0,2,5,3,7.58,11.39838431,419.54,0.6,25.96553939,7985.43,910.21,533.82,608.64,301.57,7683.86,7075.22,130.03,1415.044,11,18,2,11,212,0,212,0,17859.85,.,20814.57,1682.2,1037.73,.,1037.73,27117.8,152.9272727,992.2138889,10852.21,10064.54,2360.38,1551.5,763.83,763.83,801.65,90.7,350.88,0,0,97.34,31,12,47,13,13,34,5.410322581,5.255,5.031702128,5.389230769,4.603076923,4.647058824,.,.,.,.,.,.,.,.,.,.,.,.,2,2,4,1,1,2,71.62,106.34,.,.,.,379.01,.,3605.87,97.34,.,65.86024678,3.356503846,26.09068582,0,4.692563556,60
Trial13_Ch3,Spring,Larvae,69.06,4,0,98.27,40.9,1030.89,74.76,0,242.14,4.438902439,.,4.438902439,6.949152542,.,1544.32,1475.26,1030.89,0,0,.,55,35,12,0,5,7,2,57.16,13.1730836,28.42,28.87,11.4758578,3598.55,474.04,51.4,241.53,232.51,3366.04,3124.51,39.50333333,446.3585714,59,71,38,59,410,0,410,0,20131.23,.,25201.45,5070.22,1819.95,.,1819.95,23729.78,85.9359322,283.5384507,4985.79,4916.73,1962.65,1573.19,1504.13,1059.76,569.42,0,1302.37,534.96,588.81,532.3,65,45,23,54,65,58,4.803538462,4.863777778,4.457391304,4.270925926,4.602923077,4.143793103,.,.,.,.,.,.,.,.,.,.,.,.,8,1,9,10,8,9,11.21,83.3,.,.,.,19.43,.,1519.43,145.33,.,84.83529978,1.997658638,13.16704158,0,0,28.57142857
Trial13_Ch4,Spring,Larvae,1680.54,34,0,2112.81,86.01,2.9,35.52,0,3933.04,4.106233062,.,4.106233062,5.054794521,.,12765.77,11085.23,1041.68,1,39.55,39.55,39,28,8,1,4,4,0,982.4,77.57249234,0,973.92,2.813819901,1889.51,1465.74,0,1195.71,270.03,1619.48,423.77,183.2175,105.9425,73,82,52,73,369,0,369,0,20302.48,.,26910.49,6568.46,1515.2,.,1515.2,22231.54,89.97890411,247.5912195,28800,27119.46,28800,13739.69,12059.15,2015.6,1680.54,1037.74,937.63,277.13,803.99,541.58,13,33,39,39,58,54,4.282307692,4.000606061,3.871538462,4.053157895,4.065689655,4.379259259,.,.,.,.,.,.,.,.,.,.,.,.,1,16,14,6,12,10,54.35,224.74,.,.,.,106.1,.,408.78,0,.,91.32286832,6.593065528,1.906165745,0,0.177900406,0
Trial14_Ch8,Spring,Adult,16.19,21,0,189.65,949.22,1025.4,64.71,0,2100.34,4.807974684,.,4.807974684,3.761904762,.,11110.48,11094.29,1025.4,0,0,.,0,0,5,0,0,4,2,278.98,3.161147964,108.97,105.68,95.19229019,17284.86,546.4,142.32,422.92,0,17161.38,16738.46,109.28,4184.615,21,23,7,21,79,0,79,0,9414.8,.,11515.14,2100.34,379.83,.,379.83,26699.66,100.0161905,409.3391304,12495.73,12479.54,2410.65,11216.16,11199.97,1131.08,1163.93,613.79,322.62,0,0,0,17,16,30,12,4,0,5.343529412,4.685625,4.683333333,4.769166667,4.0725,.,.,.,.,.,.,.,.,.,.,.,.,.,4,8,10,1,1,1,19.01,123.67,.,.,.,12839.47,.,12805.5,0,.,35.26187225,2.046468007,62.69165974,0,0,50
Trial16_Ch1,Spring,Control,2.45,11,0,425.74,284.58,598.8,103.1,0,9793.43,4.260842105,.,4.260842105,10.55555556,.,16066.13,16063.68,598.8,1,1192.86,1192.86,7,3,11,0,0,10,3,584.96,8.367772259,41.69,49.76,50.92111311,7048.71,589.82,123.66,502.21,0,6961.1,6458.89,53.62,645.889,18,27,4,18,190,0,190,0,10500.23,.,21751.29,10058.2,809.56,.,809.56,18741.8,558.7888889,388.8974074,17078.56,17076.11,1611.23,16115.89,16113.44,648.56,2153.84,3600,3600,217.7,221.89,0,13,0,0,38,29,9,5.664615385,.,.,4.198157895,3.961034483,4.501111111,.,.,.,.,.,.,.,.,.,.,.,.,4,0,0,4,4,1,130.78,32.79,.,.,.,36.87,.,2052.46,36.47,.,56.02572859,3.147082991,34.46248493,0,6.364703497,30
Trial16_Ch7,Spring,Adult,8334.82,2,0,682.04,2192.05,971.14,1080.63,0,9415.45,4.393270742,.,4.393270742,14.3125,.,11068.63,2733.81,971.14,0,0,.,14,7,8,0,2,6,3,99.36,9.166791723,45.96,34.71,30.78287089,5997.3,549.76,217.02,350.13,199.63,5797.67,5447.54,68.72,907.9233333,16,23,7,16,229,0,229,0,12275.34,.,22802.7,10527.36,1006.059,.,1006.059,18272.64,657.96,533.7104348,21011.11,12676.29,1032.66,11103.34,2768.52,1005.85,3600,3600,2215.45,418.21,175.43,518.27,0,0,26,43,62,50,.,.,4.553461538,4.441395349,4.454032258,3.91858,.,.,.,.,.,.,.,.,.,.,.,.,0,0,2,4,4,8,10.77,69.65,.,.,.,305.18,.,2828.53,0,.,67.17879847,3.008651186,29.81255035,0,0,50
Trial18_Ch1,Spring,Control,21.69,6,0,5039.68,211.43,1078.42,39.15,0,235.23,3.971327014,.,3.971327014,21.1,.,7188.79,7167.1,1078.42,1,626.2,626.2,4,0,4,0,0,4,4,1039.96,1.828654597,124.11,124.11,66.54941802,14565.9,266.36,266.36,266.36,0,14565.9,14299.54,66.59,3574.885,10,14,2,10,211,0,211,0,13217.68,.,14234.1,390.22,837.95,.,837.95,28409.78,39.022,944.12,7312.9,7291.21,1202.53,7312.9,7291.21,1202.53,21.69,213.54,78.37,43.57,33.05,0,64,38,37,45,23,4,3.90546875,3.773684211,3.68972973,4.452,3.891304348,4.56,.,.,.,.,.,.,.,.,.,.,.,.,1,6,3,2,2,1,55.63,667.36,.,.,.,8656.09,.,8594.81,39.84,.,46.52510509,0.937564458,50.33315992,0,2.204170536,100
Trial19_Ch4,Spring,Larvae,16269.81,0,0,64.7,2203.13,,1299.88,0,18841.29,4.533636364,.,4.533636364,19.25,.,28800,12530.19,28800,0,0,.,0,0,0,0,0,0,0,0,0,0,0,.,0,0,0,0,0,0,0,.,.,8,8,1,8,154,0,154,0,9958.71,.,.,18841.29,698.18,.,698.18,9958.71,2355.16125,1244.83875,28800,12530.19,28800,28800,12530.19,28800,3600,3600,3600,3600,3169.69,925.26,0,0,0,0,6,0,.,.,.,.,2.576666667,.,.,.,.,.,.,.,.,.,.,.,.,.,0,0,0,0,2,3,51.48,4.11,.,.,.,13.91,.,0,0,.,100,0,0,0,0,
Trial19_Ch7,Spring,Adult,534.24,3,0,2490.36,629.85,2428.03,41.11,0,614.93,4.601,.,4.601,10.83333333,.,6163.17,5628.93,2428.03,0,0,.,9,6,7,0,0,7,4,1099.82,2.433386601,56.99,56.99,60.86562172,14086.13,342.77,194.96,342.77,0,14086.13,13743.36,48.96714286,1963.337143,12,19,6,13,130,0,130,0,8905.19,.,14713.87,5808.68,598.13,.,598.13,22991.32,446.8215385,468.6942105,6220.16,5685.92,2485.02,6220.16,5685.92,2485.02,575.35,39.58,0,0,0,0,31,44,2,0,2,22,4.844516129,4.902954545,4.295,.,4.08,4.504090909,.,.,.,.,.,.,.,.,.,.,.,.,2,2,1,1,1,1,656.87,259.07,.,.,.,2807.18,.,9055.36,187.78,.,38.73283483,1.490866988,59.77629819,0,0,57.14285714
Trial19_Ch8,Spring,Adult,19.71,5,0,674.74,3022.63,2817.34,75.53,0,223.99,4.796423841,.,4.796423841,30.2,.,7676.84,7657.13,2817.34,0,0,.,0,0,1,0,0,1,1,21123.16,0.261703268,55.28,55.28,100,21123.16,55.28,55.28,55.28,0,21123.16,21067.88,55.28,21067.88,5,5,1,5,151,0,151,0,7452.85,.,7676.84,223.99,724.26,.,724.26,28576.01,44.798,1490.57,7732.12,7712.41,2872.62,7732.12,7712.41,2872.62,95.24,128.75,0,0,0,0,65,71,15,0,0,0,4.665846154,4.880704225,4.963333333,.,.,.,.,.,.,.,.,.,.,.,.,.,.,.,2,4,1,1,1,1,13.37,74.82,.,.,.,21149.62,.,21067.88,0,.,26.08079294,0.19344898,73.72575807,0,0,100
Trial20_Ch7,Spring,Adult,466.81,9,0,352.4,1410.27,3882.18,17.85,0,5142.59,5.253913043,.,5.253913043,20.44444444,.,27963.37,27496.56,3882.18,4,3658.01,914.5025,0,0,1,0,0,1,1,836.63,13.45636661,112.58,112.58,100,836.63,112.58,112.58,112.58,0,836.63,724.05,112.58,724.05,9,13,2,9,184,0,184,0,19162.77,.,27963.37,5142.59,966.72,.,966.72,23657.41,571.3988889,1474.059231,28075.95,27609.14,3994.76,28075.95,27609.14,3994.76,614.28,710.52,0,0,0,1336.6,13,25,27,33,13,32,3.723076923,5.8792,6.175555556,5.606666667,5.034615385,5.1825,.,.,.,.,.,.,.,.,.,.,.,.,6,2,1,1,1,2,472.39,534.85,.,.,.,865.33,.,724.05,0,.,81.00113241,0.475876269,3.060563265,0,15.46242805,100
Trial21_Ch6,Spring,Larvae,2087.1,2,0,32.12,3632.66,1044.36,10469.41,0,12556.51,4.259277108,.,4.259277108,20.75,.,15771.28,13684.18,3182.65,1,268.04,268.04,6,1,4,0,2,2,2,196.01,14.69346148,97.75,97.75,35.31980563,2884.14,423.78,194.57,194.57,229.21,2654.93,2460.36,105.945,1230.18,8,13,2,8,166,0,166,0,12793.69,.,25915.86,12854.13,707.04,.,707.04,15945.87,1606.76625,984.13,21834.05,19746.95,1142.11,21834.05,19746.95,1142.11,3567.88,3600,3600,1788.63,128.93,71.61,1,0,0,29,42,22,4.96,.,.,5.01,4.282857143,4.555,.,.,.,.,.,.,.,.,.,.,.,.,1,0,0,1,3,3,17.86,9.3,.,.,.,42.29,.,1610.65,9.51,.,80.23199738,2.657616047,15.42944976,0,1.680936819,100
Trial27_Ch1,Summer,Control,23.45,11,0,28.95,51.36,961.94,124.23,0,8614.14,5.56208589,.,5.56208589,5.09375,.,13845.44,13821.99,2019.77,0,0,.,21,9,5,0,4,1,0,120.51,67.27942602,0,337.97,4.556619385,1289.25,867.4,0,337.97,529.43,759.82,421.85,173.48,421.85,32,36,15,32,163,0,163,0,21345.52,.,27510.75,9746.86,906.62,.,906.62,19053.14,304.589375,592.9311111,28800,28776.55,0,19542.04,19518.59,3159.78,1735.71,3600,3090.02,188.41,224.91,130.02,10,0,4,31,28,41,7.202,.,5.8375,5.62516129,5.690714286,5.436341463,.,.,.,.,.,.,.,.,.,.,.,.,7,0,1,4,5,3,16.02,6.81,.,.,.,120.74,.,421.85,0,.,112.0315077,4.552530449,2.214070752,0,0,0
Trial28_Ch2,Summer,Adult,191.6,28,0,49.75,164.77,849.93,66.39,0,2110.03,4.729765625,.,4.729765625,4.740740741,.,10399.35,10207.75,1354.6,1,418.32,418.32,26,15,12,0,3,8,3,613.57,11.58394031,33.57,54.78,29.27225583,6073.84,703.59,136.07,461.07,182.69,5831.32,5370.25,58.6325,671.28125,54,66,32,54,256,0,256,0,18145.34,.,22726.16,4162.5,1210.82,.,1210.82,24637.5,77.08333333,274.9293939,11155.04,10963.44,2110.29,10454.13,10262.53,1409.38,707.12,1059.08,343.83,332.49,0,274.72,33,33,41,26,10,52,4.653030303,4.401515152,4.183902439,4.229615385,4.163,4.151730769,.,.,.,.,.,.,.,.,.,.,.,.,7,14,9,4,1,4,43.43,2.44,.,.,.,86.22,.,2593.13,108.86,.,73.64927448,2.855768645,21.79705733,0,1.697899543,37.5
Trial29_Ch2,Summer,Larvae,82.63,6,0,2019.55,463.36,1001.84,134.9,0,441.04,4.460395137,.,4.460395137,8.225,.,4332.6,4249.97,1001.84,0,0,.,34,13,6,0,1,5,0,89.55,94.84802477,0,103.45,0.24329306,994.57,943.33,0,853.78,89.55,905.02,51.24,157.2216667,10.248,40,46,15,41,329,0,329,0,24520.85,.,27805.43,3284.58,1467.47,.,1467.47,25515.42,80.11170732,533.0619565,28800,28717.37,28800,7738.98,7656.35,1190.84,441.04,330.7,239.67,410.36,163.44,33.08,29,44,59,35,48,54,4.490344828,4.597045455,4.227288136,4.334571429,4.915833333,4.330555556,.,.,.,.,.,.,.,.,.,.,.,.,6,8,5,9,5,2,6.78,68.96,.,.,.,1104.65,.,32.54,0,.,96.10208258,3.697097677,0.20081974,0,0,0
Trial30_Ch1,Summer,Larvae,1.01,30,0,401.05,24.45,1383.95,49.59,0,878.53,4.620836364,.,4.620836364,3.197674419,.,7039.95,7038.94,1383.95,0,0,.,56,37,2,0,0,2,1,2093.77,4.15927005,63.91,63.91,9.779481511,2213.85,92.08,63.91,92.08,0,2213.85,2121.77,46.04,1060.885,86,88,58,86,275,0,275,0,23258.99,.,26586.15,3327.16,1270.73,.,1270.73,25472.84,38.68790698,264.3067045,7103.86,7102.85,1447.86,7103.86,7102.85,1447.86,420.72,457.81,251.68,526.72,210.4,469.85,45,35,20,15,53,34,4.908,4.657428571,4.629,4.422666667,4.669245283,4.527352941,.,.,.,.,.,.,.,.,.,.,.,.,14,16,7,11,5,12,28.96,366.29,.,.,.,25.28,.,2029.86,58.73,.,91.3089785,0.361483054,8.329538442,0,0,50
Trial30_Ch3,Summer,Control,14.71,6,0,1380.41,271.3,4474.35,120.04,0,425.87,4.663949045,.,4.663949045,6.541666667,.,6773.06,6758.35,4474.35,0,0,.,18,5,1,0,0,1,1,2355.27,3.26077265,76.8,76.8,10.38020714,2355.27,76.8,76.8,76.8,0,2355.27,2278.47,76.8,2278.47,24,25,8,25,157,0,157,0,15677.22,.,26444.73,10767.51,732.24,.,732.24,18032.49,430.7004,627.0888,6849.86,6835.15,4551.15,6849.86,6835.15,4551.15,425.87,0,37.55,596.08,546.44,1961.57,37,51,28,23,18,0,4.772702703,4.558039216,4.791071429,4.373478261,4.913888889,.,.,.,.,.,.,.,.,.,.,.,.,.,6,1,1,9,8,3,916.73,124.86,.,.,.,11071.29,.,2278.47,70.46,.,86.93874224,0.425897921,12.63535984,0,0,100
Trial31_Ch1,Summer,Control,2207.92,0,0,1374.49,18286.6,,4067.02,0,6503.06,4.617337662,.,4.617337662,25.66666667,.,28800,26592.08,28800,3,4554.14,1518.046667,0,0,0,0,0,0,0,0,0,0,0,.,0,0,0,0,0,0,0,.,.,6,8,1,6,154,0,154,0,22547.75,.,.,6503.06,711.07,.,711.07,22296.94,1083.843333,2818.46875,28800,26592.08,28800,28800,26592.08,28800,2225.51,3600,449.43,0,0,0,10,0,38,10,7,29,6.245,.,4.618684211,5.02,4.838571429,4.451724138,.,.,.,.,.,.,.,.,.,.,.,.,1,0,1,1,1,1,17.27,34.36,.,.,.,19.94,.,0,0,.,101.1248629,0,0,0,20.42495517,
Trial32_Ch2,Summer,Control,45.42,8,0,945.31,0.91,2456.83,7.7,0,7465.87,5.764379085,.,5.764379085,15.3,.,13587.71,13542.29,2456.83,0,0,.,2,1,4,0,1,3,3,1866.68,1.539268042,63.29,63.29,66.33051687,10205.5,157.09,122.26,122.26,34.83,10170.67,10048.41,39.2725,3349.47,10,14,5,10,153,0,153,0,10926.32,.,18594.5,7668.18,881.95,.,881.95,21131.82,766.818,780.4514286,13651,13605.58,2520.12,13651,13605.58,2520.12,2653.78,3600,1146.77,65.32,0,0,19,0,16,53,35,14,6.11,.,5.525,5.475660377,6.011714286,5.557857143,.,.,.,.,.,.,.,.,.,.,.,.,2,0,4,3,1,1,30.43,13.35,.,.,.,252.69,.,6980.95,154.85,.,51.70553223,0.743381308,47.55108647,0,0,100
Trial32_ch3,Summer,Control,3.61,3,0,505.89,454.54,2837.31,11.34,0,20.24,4.902580645,.,4.902580645,20.66666667,.,3817.98,3814.37,2837.31,0,0,.,0,0,2,0,0,2,2,3090.64,0.394430612,49,49,98.35627614,24620.3,97.11,97.11,97.11,0,24620.3,24523.19,48.555,12261.595,3,4,0,3,62,0,62,0,4159.46,.,4179.7,20.24,303.96,.,303.96,28779.76,6.746666667,1039.865,3866.98,3863.37,2886.31,3866.98,3863.37,2886.31,20.24,0,0,0,0,0,51,10,1,0,0,0,4.916666667,4.907,4.14,.,.,.,.,.,.,.,.,.,.,.,.,.,.,.,3,1,1,1,1,1,14.86,7.07,.,.,.,21562.07,.,21481.55,0,.,14.4527265,0.337424635,85.20984887,0,0,100
Trial32_ch4,Summer,Control,82,3,0,1348.56,24.98,630.04,27.31,0,120.34,4.67375,.,4.67375,9.882352941,.,2336.54,2254.54,842.66,0,0,.,14,6,6,0,1,4,2,182.53,12.35422775,101.24,81.99,14.09603028,4242.92,524.18,165.55,406.77,46.46,4125.51,3718.74,87.36333333,929.685,17,22,7,18,168,0,168,0,16794.93,.,24557.08,7762.15,785.19,.,785.19,21037.85,431.2305556,763.4059091,13562.35,13480.35,2329.75,2418.53,2336.53,924.65,230.38,190.7,0,154.02,0,2440.96,33,15,41,31,28,16,5.17,4.580666667,4.644634146,4.375806452,4.713928571,4.39625,.,.,.,.,.,.,.,.,.,.,.,.,6,5,1,6,1,2,93.99,350.12,.,.,.,3629.99,.,1639.32,295.7,.,79.83196952,2.491604418,17.67642606,0,0,50
Trial32_ch6,Summer,Control,104.98,1,0,2991.12,1592.87,1159.76,1227.87,0,104.98,4.729071207,.,4.729071207,14.68181818,.,1440.71,1335.73,1335.73,0,0,.,21,6,8,0,1,7,1,120.15,23.44084816,55.06,84.44,8.684415708,3033.38,711.05,55.06,590.9,120.15,2913.23,2322.33,88.88125,331.7614286,22,30,6,22,323,0,323,0,22709.08,.,25766.62,3057.54,1527.49,.,1527.49,25742.46,138.9790909,756.9693333,8389.61,8284.63,1214.82,2058.65,1953.67,1953.67,608.88,1119.77,0,233.22,133.75,87.9,26,21,44,52,58,47,4.848076923,7.972857143,4.779545455,4.588269231,4.499310345,4.774893617,.,.,.,.,.,.,.,.,.,.,.,.,1,4,1,4,3,2,317.53,424.33,.,.,.,29.63,.,630.85,68.43,.,88.21643308,2.762168029,9.021398887,0,0,14.28571429
Trial33_ch2,Summer,Adult,0.88,15,0,3291.7,655.06,936.55,36.51,0,3170.73,4.533161094,.,4.533161094,7.311111111,.,12277.57,12276.69,2130.41,0,0,.,30,21,4,0,2,2,0,259.31,31.83551323,0,82.53,51.56353166,1523.77,485.1,0,157.08,328.02,1195.75,1038.67,121.275,519.335,45,48,28,45,329,0,329,0,20467.79,.,27276.23,6808.44,1491.41,.,1491.41,21991.56,151.2986667,426.4122917,28800,28799.12,28800,26785.65,26784.77,1019.08,37.39,1607.85,1525.49,0,1388.2,1037.97,10,38,34,64,37,52,5.197,4.284210526,4.694117647,4.56734375,4.41972973,4.447307692,.,.,.,.,.,.,.,.,.,.,.,.,2,6,8,1,9,10,8.25,72.4,.,.,.,48.47,.,572.46,0,.,93.07111455,2.205846243,4.723039202,0,0,0
Trial33_ch3,Summer,Larvae,1350.5,7,0,3045.37,148.19,895.66,40.98,0,1671.77,4.48570922,.,4.48570922,8.545454545,.,7461.87,6111.37,1089.09,1,127.79,127.79,26,10,7,0,4,3,0,161.53,79.26225663,0,47.24,0.845048478,852.6,675.79,0,145.34,530.45,322.15,176.81,96.54142857,58.93666667,33,41,13,33,282,0,282,0,24304.1,.,27947.4,3515.51,1264.97,.,1264.97,25284.49,106.5306061,592.7829268,28800,27449.5,28800,7876.94,6526.44,1504.16,1350.5,321.27,269.4,370.04,488.62,364.23,9,27,53,39,16,47,4.914444444,4.15962963,4.728113208,4.780263158,4.719375,4.433191489,.,.,.,.,.,.,.,.,.,.,.,.,1,7,4,6,6,6,6.5,1050.01,.,.,.,206.9,.,78.65,0,.,96.12256367,2.672745228,0.699282445,0,0.505408652,0
Trial33_ch6,Summer,Larvae,433.52,4,0,77.74,1549.88,579.72,293.81,0,772.19,4.929463277,.,4.929463277,16.09090909,.,4440.82,4007.3,2005.81,0,0,.,18,4,7,0,3,4,0,110.25,54.35332866,0,46.63,2.462596478,1311.64,712.92,0,363.72,349.2,962.44,598.72,101.8457143,149.68,22,29,6,22,354,0,354,0,20396.32,.,27488.36,7092.04,1745.03,.,1745.03,21707.96,322.3654545,703.3213793,28800,28366.48,28800,4487.45,4053.93,2052.44,772.19,0,1521.96,591.25,242.91,2675.68,28,59,45,42,54,20,5.586785714,4.938644068,4.868888889,5.100714286,4.757037037,4.7805,.,.,.,.,.,.,.,.,.,.,.,.,4,1,3,5,3,4,25.45,46.34,.,.,.,10.59,.,243.98,0,.,93.95779244,3.284140933,2.758066626,0,0,0
Trial33_ch8,Summer,Larvae,12.05,21,0,316,185.68,891.89,55.52,0,2652.88,4.57556701,.,4.57556701,8.818181818,.,13377.85,13365.8,891.89,0,0,.,23,10,6,0,3,3,0,191.68,47.77912137,0,63.98,7.260514135,1604.32,766.53,0,182.4,584.13,1020.19,837.79,127.755,279.2633333,44,49,19,44,388,0,388,1,21369.83,.,27195.68,5906.21,1775.32,.,1775.32,22893.79,134.2320455,436.1189796,28800,28787.95,28800,17261.01,17248.96,2432.75,875.96,25.84,1252.49,514.42,111.71,1498.1,20,94,16,64,66,36,4.902,4.426489362,4.920625,4.62328125,4.246666667,5.252222222,.,.,.,.,.,.,.,.,.,.,.,.,8,1,10,4,2,7,390.19,141.34,.,.,.,39.43,.,566.11,0,.,93.34334769,3.348200538,3.659463986,0,0,0
Trial34_Ch3,Summer,Adult,6.06,4,0,609.14,116.5,714.27,3626.64,0,3784.88,4.656761905,.,4.656761905,12.35294118,.,5455.91,5449.85,714.27,1,542.06,542.06,13,6,8,0,4,4,2,73.33,12.01201865,56.28,140.69,19.8966305,4978.93,598.07,124.56,325.79,272.28,4706.65,4380.86,74.75875,1095.215,17,25,7,17,210,0,210,0,12745.98,.,23821.07,10533.03,977.92,.,977.92,18266.97,619.59,509.8392,23651.85,23645.79,3192.25,6781.9,6775.84,2040.26,2990.86,794.02,3068.88,3035.49,320.94,322.84,8,56,11,12,36,47,5.5525,4.689285714,4.708181818,4.5,4.526666667,4.694042553,.,.,.,.,.,.,.,.,.,.,.,.,1,3,3,2,4,7,12.15,45.32,.,.,.,581.07,.,2369.4,0,.,69.77610408,3.274051471,23.98241197,0,2.967432475,50
Trial34_Ch4,Summer,Larvae,27.45,16,0,1344.29,194.12,1317.7,2340.39,0,3731.03,4.736717172,.,4.736717172,6.6,.,10478.12,10450.67,1317.7,0,0,.,14,7,4,0,3,1,0,221.04,97.78038908,0,436.26,4.09557809,842.49,823.79,0,436.26,387.53,454.96,18.7,205.9475,18.7,30,34,15,30,198,0,198,0,16573.6,.,27957.51,11383.91,937.87,.,937.87,17416.09,379.4636667,487.4588235,28800,28772.55,28800,28343.41,28315.96,4317.57,2255.71,647.38,827.94,618.85,2905.9,2654.61,5,21,38,39,2,12,4.644,4.636666667,4.660263158,4.686153846,5.015,4.9875,.,.,.,.,.,.,.,.,.,.,.,.,1,6,10,4,1,7,18.18,880.23,.,.,.,160.91,.,18.7,0,.,95.16257667,4.730051349,0.107371976,0,0,0
Trial34_Ch6,Summer,Adult,9067.9,9,0,13.58,10.84,822.96,26.5,0,9671.3,4.69798995,.,4.69798995,8.291666667,.,15638.49,6570.59,2835.57,1,1986.89,1986.89,15,8,5,0,4,1,1,99.34,72.45864367,143.7,143.7,100,2471.81,1791.04,143.7,143.7,1647.34,824.47,680.77,358.208,680.77,24,29,12,24,199,0,199,0,13342.18,.,26328.19,10999.12,934.9,.,934.9,17800.88,458.2966667,460.0751724,28119.23,19051.33,3498.21,28119.23,19051.33,3498.21,3600,3600,2138.94,332.36,270.67,1008.09,0,0,9,37,58,33,.,.,5.213333333,4.445405405,4.881206897,4.838484848,.,.,.,.,.,.,.,.,.,.,.,.,0,0,6,4,5,11,131.5,33.78,.,.,.,850.67,.,680.77,0,.,74.95236191,10.06152505,3.824361492,0,11.16175155,100
Trial34_Ch7,Summer,Larvae,0.62,0,0,143.5,4096.48,1453.7,6723.73,0,6724.35,4.505348837,.,4.505348837,6.142857143,.,9835.11,9834.49,2967.14,0,0,.,42,27,6,0,1,5,3,455.16,10.12637893,36.64,227.96,24.4842138,5104.49,516.9,129.1,410.07,106.83,4997.66,4587.59,86.15,917.518,42,46,28,45,258,0,258,0,15482.75,.,23695.51,0,1162.38,.,1162.38,20587.24,.,336.5815217,13764.6,13763.98,1978.49,10063.07,10062.45,3195.1,3456.38,3267.97,0,264.81,0,784.73,3,1,55,57,20,35,4.636666667,4.39,4.722727273,4.396666667,5.0845,4.501470588,.,.,.,.,.,.,.,.,.,.,.,.,1,1,1,6,1,12,34.25,46.14,.,.,.,482.14,.,2625.95,49.96,.,75.20556422,2.510778521,22.28365726,0,0,60
Trial35_Ch6,Summer,Larvae,5.43,3,0,526.94,144.2,227.08,60.66,0,551.69,4.570038314,.,4.570038314,13.05,.,2076.06,2070.63,853.23,1,3484.41,3484.41,17,10,3,0,1,2,0,326.23,98.7811862,0,319.74,0.037077435,803.24,793.45,0,399.88,393.57,409.67,9.79,264.4833333,4.895,20,24,11,20,261,0,261,0,11946.44,.,27996.76,12565.91,1192.78,.,1192.78,16234.09,628.2955,497.7683333,28800,28794.57,28800,2395.8,2390.37,1172.97,1093.16,3600,3156.48,2629.54,245.68,0,40,0,6,20,75,17,4.9985,.,5.101666667,4.17,4.424533333,4.181875,.,.,.,.,.,.,.,.,.,.,.,.,3,0,1,7,2,1,44.6,102.02,.,.,.,0.26,.,6.49,0,.,73.58860275,4.887554523,0.060305197,0,21.46353753,0
Trial35_Ch7,Summer,Adult,0.21,14,0,328.77,24.53,497.86,53.86,0,1318.72,4.0056691,.,4.0056691,7.339285714,.,11579.86,11579.65,894.94,0,0,.,42,32,4,0,2,2,1,96.86,24.38162776,66.19,87.18,31.23521817,1522.95,371.32,66.19,153.37,217.95,1305,1151.63,92.83,575.815,56,60,39,57,411,0,411,0,23393.52,.,27277.05,3883.53,1646.33,.,1646.33,24916.47,68.13210526,389.892,27076.22,27076.01,3388.01,25113.04,25112.83,1424.83,191.57,875.27,251.88,595.78,506.53,897.42,27,37,25,62,78,55,3.605925926,3.997567568,4.082,3.93,3.876538462,3.835818182,.,.,.,.,.,.,.,.,.,.,.,.,4,7,5,9,11,16,36.23,28.84,.,.,.,30.93,.,782.71,71.02,.,93.88777784,1.490259254,4.621962902,0,0,50
Test_Ch3,Summer,Control,30.91,1,0,3114.74,63.08,1382.67,46.1,0,30.91,4.740128755,.,4.740128755,4.396226415,.,2308.68,2277.77,2277.77,0,0,.,52,25,3,0,1,2,2,639.6,4.876088784,34.08,34.08,11.67740853,3247.89,158.37,85.07,85.07,73.3,3174.59,3089.52,52.79,1544.76,53,55,25,53,233,0,233,0,20858.98,.,25552.11,4693.13,1104.45,.,1104.45,24106.87,88.54962264,379.2541818,2342.76,2311.85,2311.85,2342.76,2311.85,2311.85,118.95,666.2,584.78,150.19,534.69,1279.48,52,20,25,55,20,15,4.715769231,4.7,4.3024,5.252727273,4.26,4.632,.,.,.,.,.,.,.,.,.,.,.,.,3,11,10,2,12,10,9.68,58.25,.,.,.,2564.3,.,2484,46.1,.,86.52711862,0.656949658,12.81593172,0,0,100
Test_Ch4,Summer,Control,233.46,14,0,49.68,1369.01,1714.01,39.14,0,10435.61,4.576272189,.,4.576272189,10.5625,.,18911.09,18677.63,1714.01,0,0,.,2,0,3,0,1,2,1,694.56,7.500738759,78.46,242.1,73.98207283,7715.64,578.73,78.46,320.56,258.17,7457.47,7136.91,192.91,3568.455,16,19,6,16,169,0,169,0,10425.33,.,21084.36,10659.03,773.39,.,773.39,18140.97,666.189375,548.7015789,19763.5,19530.04,2566.42,19153.19,18919.73,1956.11,2181.31,3600,3589.34,805.03,259.93,0,17,0,0,40,44,23,3.998823529,.,.,4.84825,4.56,5.329130435,.,.,.,.,.,.,.,.,.,.,.,.,2,0,1,8,5,1,9.9,26.63,.,.,.,10.2,.,6684.45,139.7,.,57.46842644,3.190182223,39.34139134,0,0,0
